,word,freq
0,aback,9.348e-07
1,abase,9.21725e-08
2,abate,1.53374e-06
3,abbey,2.02411e-06
4,abbot,2.14039e-06
5,abhor,5.67927e-07
6,abide,4.36668e-06
7,abled,8.46074e-08
8,abode,3.86656e-06
9,abort,5.94533e-07
10,about,0.000988835
11,above,0.000280052
12,abuse,2.57216e-05
13,abyss,1.76845e-06
14,acorn,4.88927e-07
15,acrid,7.0628e-07
16,actor,9.8911e-06
17,acute,2.6595e-05
18,adage,7.58717e-07
19,adapt,6.73097e-06
20,adept,1.40932e-06
21,admin,8.33169e-07
22,admit,2.56365e-05
23,adobe,8.26063e-07
24,adopt,2.24539e-05
25,adore,1.3532e-06
26,adorn,1.41946e-06
27,adult,3.52473e-05
28,affix,9.154e-07
29,afire,3.11371e-07
30,afoot,6.98031e-07
31,afoul,2.86726e-07
32,after,0.000641221
33,again,0.000256395
34,agape,3.25656e-07
35,agate,6.00712e-07
36,agent,6.0683e-05
37,agile,9.08594e-07
38,aging,7.96323e-06
39,aglow,2.92193e-07
40,agony,4.36667e-06
41,agora,1.79257e-07
42,agree,5.30029e-05
43,ahead,3.24863e-05
44,aider,1.41782e-07
45,aisle,3.16939e-06
46,alarm,1.14353e-05
47,album,4.07257e-06
48,alert,7.55286e-06
49,algae,3.79896e-06
50,alibi,9.16774e-07
51,alien,1.12379e-05
52,align,1.77463e-06
53,alike,1.63888e-05
54,alive,2.38421e-05
55,allay,1.01858e-06
56,alley,3.874e-06
57,allot,6.44939e-07
58,allow,7.48217e-05
59,alloy,9.96806e-06
60,aloft,1.82347e-06
61,alone,0.000105151
62,along,0.00017435
63,aloof,1.77211e-06
64,aloud,6.12611e-06
65,alpha,5.89135e-06
66,altar,9.08335e-06
67,alter,1.53763e-05
68,amass,3.49268e-07
69,amaze,4.17525e-07
70,amber,2.25197e-06
71,amble,1.31578e-07
72,amend,2.76839e-05
73,amiss,1.4163e-06
74,amity,7.55486e-07
75,among,0.000238145
76,ample,1.29066e-05
77,amply,3.34012e-06
78,amuse,1.77111e-06
79,angel,7.85529e-06
80,anger,1.72881e-05
81,angle,3.74126e-05
82,angry,1.64219e-05
83,angst,3.07226e-07
84,anime,1.55477e-07
85,ankle,3.69882e-06
86,annex,2.11973e-06
87,annoy,1.0086e-06
88,annul,1.02153e-06
89,anode,3.33907e-06
90,antic,1.77906e-07
91,anvil,9.90024e-07
92,aorta,2.60591e-06
93,apart,3.68617e-05
94,aphid,8.29046e-07
95,aping,1.21298e-07
96,apnea,6.95418e-07
97,apple,9.84371e-06
98,apply,7.94955e-05
99,apron,2.62946e-06
100,aptly,1.82041e-06
101,arbor,7.42178e-07
102,ardor,9.36819e-07
103,arena,5.10936e-06
104,argue,1.94294e-05
105,arise,2.81713e-05
106,armor,3.65403e-06
107,aroma,1.56541e-06
108,arose,1.67534e-05
109,array,1.4589e-05
110,arrow,7.59951e-06
111,arson,1.20455e-06
112,artsy,6.06881e-08
113,ascot,2.10384e-08
114,ashen,3.81612e-07
115,aside,3.4624e-05
116,askew,2.68498e-07
117,assay,6.26048e-06
118,asset,1.3441e-05
119,atoll,3.57047e-07
120,atone,7.28611e-07
121,attic,1.98938e-06
122,audio,6.59047e-06
123,audit,1.17189e-05
124,augur,2.77508e-07
125,aunty,8.8683e-08
126,avail,7.39821e-06
127,avert,1.94526e-06
128,avian,1.18544e-06
129,avoid,5.29267e-05
130,await,4.24418e-06
131,awake,7.1159e-06
132,award,2.7513e-05
133,aware,4.70741e-05
134,awash,3.93536e-07
135,awful,8.63522e-06
136,awoke,2.7216e-06
137,axial,6.89363e-06
138,axiom,1.60259e-06
139,axion,4.66e-08
140,azure,1.00838e-06
141,bacon,3.22868e-06
142,badge,2.4371e-06
143,badly,1.38886e-05
144,bagel,1.61455e-07
145,baggy,4.38191e-07
146,baker,1.48312e-06
147,baler,1.31877e-07
148,balmy,5.39111e-07
149,banal,5.97493e-07
150,banjo,4.464e-07
151,barge,3.45119e-06
152,baron,1.64081e-06
153,basal,1.00005e-05
154,basic,8.30123e-05
155,basil,7.63967e-07
156,basin,1.57181e-05
157,basis,0.000151921
158,baste,1.82053e-07
159,batch,5.60345e-06
160,bathe,1.33964e-06
161,baton,6.20193e-07
162,batty,4.57588e-08
163,bawdy,3.33454e-07
164,bayou,3.64132e-07
165,beach,1.4335e-05
166,beady,1.77156e-07
167,beard,5.0439e-06
168,beast,6.75238e-06
169,beech,1.55861e-06
170,beefy,1.60338e-07
171,befit,1.18561e-07
172,began,0.000123159
173,begat,4.28199e-07
174,beget,5.86861e-07
175,begin,5.51033e-05
176,begun,2.84482e-05
177,being,0.000635729
178,belch,1.27419e-07
179,belie,3.60415e-07
180,belle,6.04762e-07
181,belly,5.99669e-06
182,below,0.000138217
183,bench,1.00002e-05
184,beret,1.90287e-07
185,berry,1.64009e-06
186,berth,1.76745e-06
187,beset,2.32363e-06
188,betel,4.1068e-07
189,bevel,9.61399e-07
190,bezel,1.18425e-07
191,bible,9.00069e-07
192,bicep,9.58051e-08
193,biddy,3.36582e-08
194,bigot,2.36762e-07
195,bilge,4.30187e-07
196,billy,2.21703e-07
197,binge,5.70195e-07
198,bingo,4.70549e-07
199,biome,1.42441e-07
200,birch,2.30414e-06
201,birth,4.0972e-05
202,bison,8.98993e-07
203,bitty,6.85604e-08
204,black,0.000115219
205,blade,1.08876e-05
206,blame,1.31298e-05
207,bland,1.21924e-06
208,blank,1.36951e-05
209,blare,1.77647e-07
210,blast,8.57415e-06
211,blaze,2.29281e-06
212,bleak,2.1167e-06
213,bleat,1.31461e-07
214,bleed,1.85503e-06
215,bleep,5.46277e-08
216,blend,4.9697e-06
217,bless,5.55441e-06
218,blimp,8.59904e-08
219,blind,2.07476e-05
220,blink,1.16454e-06
221,bliss,2.89758e-06
222,blitz,2.5843e-07
223,bloat,1.77089e-07
224,block,3.81226e-05
225,bloke,4.67416e-07
226,blond,2.61839e-06
227,blood,0.000111446
228,bloom,5.44744e-06
229,blown,7.06219e-06
230,bluer,1.50632e-07
231,bluff,2.12333e-06
232,blunt,3.6337e-06
233,blurb,1.55466e-07
234,blurt,1.73887e-07
235,blush,2.52834e-06
236,board,0.000114085
237,boast,3.90191e-06
238,bobby,1.31446e-07
239,boney,3.45674e-08
240,bongo,5.77882e-08
241,bonus,6.50128e-06
242,booby,3.22571e-07
243,boost,3.99687e-06
244,booth,2.69475e-06
245,booty,1.20114e-06
246,booze,6.32269e-07
247,boozy,5.63373e-08
248,borax,8.27377e-07
249,borne,1.71749e-05
250,bosom,5.38203e-06
251,bossy,2.20027e-07
252,botch,7.49599e-08
253,bough,7.1429e-07
254,boule,8.06755e-08
255,bound,5.44713e-05
256,bowel,4.25152e-06
257,boxer,6.73582e-07
258,brace,2.02037e-06
259,braid,1.09824e-06
260,brain,4.25914e-05
261,brake,7.34178e-06
262,brand,1.26529e-05
263,brash,3.73107e-07
264,brass,1.03372e-05
265,brave,1.05699e-05
266,bravo,1.36136e-07
267,brawl,4.25114e-07
268,brawn,2.18501e-07
269,bread,2.27827e-05
270,break,4.42929e-05
271,breed,8.00839e-06
272,briar,1.98832e-07
273,bribe,1.7663e-06
274,brick,1.55686e-05
275,bride,7.14876e-06
276,brief,4.47814e-05
277,brine,2.64408e-06
278,bring,9.88633e-05
279,brink,1.90274e-06
280,briny,1.45613e-07
281,brisk,2.28167e-06
282,broad,5.1968e-05
283,broil,2.21364e-07
284,broke,2.45577e-05
285,brood,3.37077e-06
286,brook,3.15301e-06
287,broom,1.70009e-06
288,broth,2.65744e-06
289,brown,4.23701e-05
290,brunt,9.10601e-07
291,brush,1.12428e-05
292,brute,2.49537e-06
293,buddy,1.37274e-06
294,budge,6.65444e-07
295,buggy,1.29187e-06
296,bugle,5.8528e-07
297,build,4.41737e-05
298,built,8.44308e-05
299,bulge,1.14787e-06
300,bulky,2.04998e-06
301,bully,1.27763e-06
302,bunch,5.67914e-06
303,bunny,2.95904e-07
304,burly,6.94097e-07
305,burnt,7.87593e-06
306,burst,1.27475e-05
307,bused,9.23984e-08
308,bushy,1.00671e-06
309,butch,1.5183e-07
310,butte,1.20441e-07
311,buxom,2.19592e-07
312,buyer,1.18663e-05
313,bylaw,3.35813e-07
314,cabal,2.48464e-07
315,cabby,7.28333e-08
316,cabin,8.94315e-06
317,cable,1.92341e-05
318,cacao,7.71787e-07
319,cache,2.22129e-06
320,cacti,3.45298e-07
321,caddy,1.37429e-07
322,cadet,1.1189e-06
323,cagey,8.28059e-08
324,cairn,4.38225e-07
325,camel,2.30516e-06
326,cameo,3.36783e-07
327,canal,1.89256e-05
328,candy,3.55978e-06
329,canny,3.01648e-07
330,canoe,3.54715e-06
331,canon,3.98216e-06
332,caper,2.36401e-07
333,caput,3.95552e-07
334,carat,3.19343e-07
335,cargo,1.55228e-05
336,carol,3.09183e-07
337,carry,7.23121e-05
338,carve,1.09648e-06
339,caste,5.81831e-06
340,catch,2.33216e-05
341,cater,1.40409e-06
342,catty,9.71077e-08
343,caulk,7.86502e-08
344,cause,0.000164419
345,cavil,3.00339e-07
346,cease,1.42835e-05
347,cedar,2.77098e-06
348,cello,8.01799e-07
349,chafe,2.08047e-07
350,chaff,1.15333e-06
351,chain,3.30247e-05
352,chair,3.26923e-05
353,chalk,3.75552e-06
354,champ,2.75552e-07
355,chant,1.84929e-06
356,chaos,6.35077e-06
357,chard,2.12249e-07
358,charm,8.6081e-06
359,chart,1.58284e-05
360,chase,4.92439e-06
361,chasm,1.16944e-06
362,cheap,1.29866e-05
363,cheat,1.84343e-06
364,check,4.82018e-05
365,cheek,9.35916e-06
366,cheer,3.77112e-06
367,chess,2.2754e-06
368,chest,2.34121e-05
369,chick,2.39583e-06
370,chide,2.92116e-07
371,chief,6.95141e-05
372,child,0.000157028
373,chili,7.95766e-07
374,chill,4.16022e-06
375,chime,5.41044e-07
376,china,2.73911e-06
377,chirp,3.58853e-07
378,chock,2.46522e-07
379,choir,4.07212e-06
380,choke,1.69709e-06
381,chord,3.72766e-06
382,chore,6.87552e-07
383,chose,1.61586e-05
384,chuck,1.09775e-06
385,chump,8.03051e-08
386,chunk,1.14631e-06
387,churn,7.41493e-07
388,chute,1.4993e-06
389,cider,1.51737e-06
390,cigar,3.31648e-06
391,cinch,2.09761e-07
392,circa,1.82526e-06
393,civic,7.71498e-06
394,civil,6.13589e-05
395,clack,1.79959e-07
396,claim,9.81882e-05
397,clamp,2.85274e-06
398,clang,4.22061e-07
399,clank,1.71141e-07
400,clash,2.819e-06
401,clasp,1.37505e-06
402,class,0.000162183
403,clean,3.44882e-05
404,clear,0.000141289
405,cleat,2.12094e-07
406,cleft,2.55097e-06
407,clerk,2.94875e-05
408,click,1.09535e-05
409,cliff,4.50551e-06
410,climb,7.78068e-06
411,cling,2.39e-06
412,clink,2.64995e-07
413,cloak,4.25589e-06
414,clock,1.35589e-05
415,clone,1.50943e-06
416,close,0.000132717
417,cloth,2.29441e-05
418,cloud,1.51313e-05
419,clout,6.90239e-07
420,clove,7.41109e-07
421,clown,1.30794e-06
422,cluck,9.5421e-08
423,clued,5.04497e-08
424,clump,1.1034e-06
425,clung,3.00586e-06
426,coach,9.18997e-06
427,coast,3.95809e-05
428,cobra,4.01674e-07
429,cocoa,3.12547e-06
430,colon,4.53198e-06
431,color,6.03667e-05
432,comet,1.89243e-06
433,comfy,2.07322e-07
434,comic,5.75101e-06
435,comma,1.82768e-06
436,conch,4.61853e-07
437,condo,5.12453e-07
438,conic,8.15776e-07
439,copse,3.36102e-07
440,coral,4.02096e-06
441,corer,8.4044e-08
442,corny,1.80322e-07
443,couch,5.23972e-06
444,cough,4.88478e-06
445,could,0.000778275
446,count,2.92114e-05
447,coupe,3.64028e-07
448,court,0.000247044
449,coven,1.78483e-07
450,cover,6.95896e-05
451,covet,5.18302e-07
452,covey,1.45935e-07
453,cower,1.62635e-07
454,coyly,1.74925e-07
455,crack,1.1333e-05
456,craft,1.20045e-05
457,cramp,5.42147e-07
458,crane,3.40999e-06
459,crank,3.31193e-06
460,crash,6.08352e-06
461,crass,3.46789e-07
462,crate,1.17828e-06
463,crave,1.07651e-06
464,crawl,2.27719e-06
465,craze,6.87398e-07
466,crazy,8.07773e-06
467,creak,4.55269e-07
468,cream,1.63513e-05
469,credo,3.93217e-07
470,creed,4.44258e-06
471,creek,7.04735e-06
472,creep,4.97101e-06
473,creme,1.56712e-07
474,crepe,4.76166e-07
475,crept,3.58382e-06
476,cress,2.18527e-07
477,crest,5.83524e-06
478,crick,7.36792e-08
479,cried,2.08611e-05
480,crier,2.48829e-07
481,crime,4.01568e-05
482,crimp,2.65789e-07
483,crisp,2.69356e-06
484,croak,2.63565e-07
485,crock,2.36763e-07
486,crone,1.89895e-07
487,crony,1.45841e-07
488,crook,9.56206e-07
489,cross,7.53106e-05
490,croup,4.70348e-07
491,crowd,2.0435e-05
492,crown,1.8605e-05
493,crude,1.58682e-05
494,cruel,9.92258e-06
495,crumb,4.83827e-07
496,crump,1.9817e-08
497,crush,3.64386e-06
498,crust,5.43062e-06
499,crypt,7.83855e-07
500,cubic,1.57184e-05
501,cumin,4.48135e-07
502,curio,1.39448e-07
503,curly,1.51516e-06
504,curry,9.40635e-07
505,curse,5.87767e-06
506,curve,3.50762e-05
507,curvy,1.33569e-07
508,cutie,5.56362e-08
509,cyber,9.56904e-07
510,cycle,3.46442e-05
511,cynic,3.51945e-07
512,daddy,1.57521e-06
513,daily,6.47606e-05
514,dairy,1.22927e-05
515,daisy,5.89078e-07
516,dally,4.63324e-07
517,dance,2.08632e-05
518,dandy,5.81737e-07
519,datum,1.87499e-06
520,daunt,1.32708e-07
521,dealt,2.09466e-05
522,death,0.000170244
523,debar,2.58707e-07
524,debit,1.99616e-06
525,debug,3.63198e-07
526,debut,1.98196e-06
527,decal,1.37693e-07
528,decay,1.34512e-05
529,decor,9.78898e-07
530,decoy,4.74231e-07
531,decry,3.24705e-07
532,defer,2.64799e-06
533,deign,3.55619e-07
534,deity,3.62339e-06
535,delay,3.2789e-05
536,delta,3.97401e-06
537,delve,6.20262e-07
538,demon,3.40335e-06
539,demur,4.75275e-07
540,denim,5.25592e-07
541,dense,1.2336e-05
542,depot,4.13869e-06
543,depth,4.83886e-05
544,derby,2.11044e-07
545,deter,3.41172e-06
546,detox,1.23669e-07
547,deuce,3.96687e-07
548,devil,9.84519e-06
549,diary,5.72055e-06
550,dicey,6.91363e-08
551,digit,4.31315e-06
552,dilly,6.96544e-08
553,dimly,1.76278e-06
554,diner,7.23662e-07
555,dingo,9.06663e-08
556,dingy,9.34675e-07
557,diode,2.73763e-06
558,dirge,3.24182e-07
559,dirty,9.54592e-06
560,disco,5.40627e-07
561,ditch,5.72885e-06
562,ditto,2.41734e-06
563,ditty,2.63354e-07
564,diver,1.11062e-06
565,dizzy,1.35538e-06
566,dodge,7.41944e-07
567,dodgy,1.1966e-07
568,dogma,2.2109e-06
569,doing,0.000106885
570,dolly,3.09808e-07
571,donor,8.0367e-06
572,donut,1.7742e-07
573,dopey,6.79807e-08
574,doubt,8.2792e-05
575,dough,3.47452e-06
576,dowdy,1.30805e-07
577,dowel,3.84136e-07
578,downy,8.08252e-07
579,dowry,1.2549e-06
580,dozen,1.91282e-05
581,draft,2.52586e-05
582,drain,9.75946e-06
583,drake,1.55149e-07
584,drama,1.40617e-05
585,drank,6.16898e-06
586,drape,3.9611e-07
587,drawl,3.13377e-07
588,drawn,6.09904e-05
589,dread,5.80989e-06
590,dream,2.49003e-05
591,dress,2.4183e-05
592,dried,1.80088e-05
593,drier,1.70066e-06
594,drift,1.02332e-05
595,drill,1.02392e-05
596,drink,2.73749e-05
597,drive,4.21125e-05
598,droit,7.71422e-07
599,droll,4.44906e-07
600,drone,9.388e-07
601,drool,1.64063e-07
602,droop,5.63803e-07
603,dross,5.26476e-07
604,drove,1.61518e-05
605,drown,1.64281e-06
606,druid,9.26066e-08
607,drunk,8.54412e-06
608,dryer,1.5103e-06
609,dryly,6.65441e-07
610,duchy,7.79756e-07
611,dully,3.16368e-07
612,dummy,2.2658e-06
613,dumpy,1.25182e-07
614,dunce,1.83756e-07
615,dusky,1.84037e-06
616,dusty,3.04839e-06
617,dutch,1.26809e-07
618,duvet,1.58903e-07
619,dwarf,3.11418e-06
620,dwell,7.16657e-06
621,dwelt,3.60718e-06
622,dying,1.67777e-05
623,eager,1.07901e-05
624,eagle,3.86497e-06
625,early,0.000195786
626,earth,7.79016e-05
627,easel,6.23547e-07
628,eaten,9.19018e-06
629,eater,7.5806e-07
630,ebony,7.05318e-07
631,eclat,1.07471e-07
632,edict,1.56731e-06
633,edify,1.66928e-07
634,eerie,9.85633e-07
635,egret,9.97507e-08
636,eight,8.13204e-05
637,eject,5.8155e-07
638,eking,1.01123e-07
639,elate,1.1148e-07
640,elbow,5.6778e-06
641,elder,8.03949e-06
642,elect,1.09552e-05
643,elegy,5.2023e-07
644,elfin,1.63583e-07
645,elide,6.03144e-08
646,elite,7.97944e-06
647,elope,1.43569e-07
648,elude,8.02851e-07
649,email,4.25385e-06
650,embed,4.56696e-07
651,ember,3.23597e-07
652,emcee,6.94955e-08
653,empty,2.62802e-05
654,enact,5.60114e-06
655,endow,7.89659e-07
656,enema,6.25741e-07
657,enemy,4.57648e-05
658,enjoy,2.74733e-05
659,ennui,3.72093e-07
660,ensue,1.80262e-06
661,enter,5.55258e-05
662,entry,4.34432e-05
663,envoy,1.56234e-06
664,epoch,4.42617e-06
665,epoxy,1.99623e-06
666,equal,0.000100455
667,equip,2.94818e-06
668,erase,1.43348e-06
669,erect,9.86196e-06
670,erode,8.12678e-07
671,error,6.60038e-05
672,erupt,5.29651e-07
673,essay,1.39453e-05
674,ester,2.99075e-06
675,ether,8.83917e-06
676,ethic,2.13969e-06
677,ethos,1.69884e-06
678,etude,1.94522e-07
679,evade,2.34874e-06
680,event,6.61857e-05
681,every,0.000337955
682,evict,2.85866e-07
683,evoke,2.03574e-06
684,exact,2.8788e-05
685,exalt,8.66418e-07
686,excel,1.70309e-06
687,exert,6.19829e-06
688,exile,6.52839e-06
689,exist,5.56146e-05
690,expel,1.6452e-06
691,extol,3.67939e-07
692,extra,3.56054e-05
693,exult,2.58566e-07
694,eying,1.14459e-07
695,fable,1.82861e-06
696,facet,1.95707e-06
697,faint,9.90192e-06
698,fairy,4.5387e-06
699,faith,6.45205e-05
700,false,3.73711e-05
701,fancy,1.28322e-05
702,fanny,1.00613e-07
703,farce,1.70051e-06
704,fatal,1.47627e-05
705,fatty,7.84767e-06
706,fault,2.65036e-05
707,fauna,4.97064e-06
708,favor,4.23326e-05
709,feast,7.17131e-06
710,fecal,1.42291e-06
711,feign,3.84932e-07
712,fella,3.98119e-07
713,felon,6.82064e-07
714,femme,5.68676e-07
715,femur,2.09149e-06
716,fence,1.05907e-05
717,feral,5.14967e-07
718,ferry,4.09341e-06
719,fetal,5.31963e-06
720,fetch,3.54875e-06
721,fetid,4.43717e-07
722,fetus,3.34345e-06
723,fever,2.06523e-05
724,fewer,1.81199e-05
725,fiber,1.47283e-05
726,fibre,6.64641e-06
727,ficus,6.76432e-08
728,field,0.00017946
729,fiend,8.2934e-07
730,fiery,3.68136e-06
731,fifth,2.758e-05
732,fifty,4.22288e-05
733,fight,3.78254e-05
734,filer,2.33882e-07
735,filet,1.80594e-07
736,filly,3.2352e-07
737,filmy,2.32497e-07
738,filth,1.67659e-06
739,final,0.000100122
740,finch,2.08975e-07
741,finer,5.64375e-06
742,first,0.000783794
743,fishy,3.06586e-07
744,fixer,2.19335e-07
745,fizzy,7.85228e-08
746,fjord,3.51426e-07
747,flack,4.34899e-08
748,flail,3.14522e-07
749,flair,7.46653e-07
750,flake,1.05532e-06
751,flaky,3.30239e-07
752,flame,1.33476e-05
753,flank,4.41914e-06
754,flare,2.19535e-06
755,flash,8.7732e-06
756,flask,4.38823e-06
757,fleck,1.04361e-07
758,fleet,1.59426e-05
759,flesh,2.00558e-05
760,flick,7.08766e-07
761,flier,2.93202e-07
762,fling,1.2823e-06
763,flint,2.46332e-06
764,flirt,5.51064e-07
765,float,6.02002e-06
766,flock,6.04091e-06
767,flood,1.91659e-05
768,floor,6.46739e-05
769,flora,4.1068e-06
770,floss,3.29877e-07
771,flour,1.38015e-05
772,flout,2.08596e-07
773,flown,3.44178e-06
774,fluff,3.19099e-07
775,fluid,3.49325e-05
776,fluke,4.32767e-07
777,flume,6.40919e-07
778,flung,4.62364e-06
779,flunk,6.98225e-08
780,flush,4.28189e-06
781,flute,2.27291e-06
782,flyer,6.76386e-07
783,foamy,2.69438e-07
784,focal,6.71123e-06
785,focus,4.79724e-05
786,foggy,7.51948e-07
787,foist,1.38931e-07
788,folio,3.56462e-06
789,folly,5.41117e-06
790,foray,4.35752e-07
791,force,0.00015238
792,forge,2.42508e-06
793,forgo,5.81887e-07
794,forte,7.57541e-07
795,forth,7.20457e-05
796,forty,3.8081e-05
797,forum,6.45962e-06
798,found,0.000423381
799,foyer,9.32342e-07
800,frail,2.42711e-06
801,frame,3.80412e-05
802,frank,4.01601e-06
803,fraud,1.73905e-05
804,freak,1.1696e-06
805,freed,6.02735e-06
806,freer,1.44825e-06
807,fresh,4.7256e-05
808,friar,9.39164e-07
809,fried,2.42198e-06
810,frill,2.30588e-07
811,frisk,1.80111e-07
812,fritz,2.52508e-08
813,frock,9.82499e-07
814,frond,4.33758e-07
815,front,9.9883e-05
816,frost,5.94732e-06
817,froth,7.80311e-07
818,frown,2.33667e-06
819,froze,1.9842e-06
820,fruit,4.12558e-05
821,fudge,3.34622e-07
822,fugue,4.48333e-07
823,fully,8.02887e-05
824,fungi,4.77899e-06
825,funky,2.62912e-07
826,funny,7.54995e-06
827,furor,3.28295e-07
828,furry,4.88813e-07
829,fussy,4.74218e-07
830,fuzzy,3.49438e-06
831,gaffe,6.61192e-08
832,gaily,1.05885e-06
833,gamer,7.56789e-08
834,gamma,5.97485e-06
835,gamut,8.10844e-07
836,gassy,1.24678e-07
837,gaudy,8.00813e-07
838,gauge,1.01553e-05
839,gaunt,8.75534e-07
840,gauze,2.11049e-06
841,gavel,3.94861e-07
842,gawky,8.72969e-08
843,gayer,1.37226e-07
844,gayly,2.6209e-07
845,gazer,8.22921e-08
846,gecko,9.83733e-08
847,geeky,5.47745e-08
848,geese,2.16055e-06
849,genie,2.99485e-07
850,genre,5.42528e-06
851,ghost,5.83989e-06
852,ghoul,1.01426e-07
853,giant,1.15079e-05
854,giddy,9.24612e-07
855,gipsy,4.40768e-07
856,girly,1.03008e-07
857,girth,9.68263e-07
858,given,0.000382781
859,giver,1.26791e-06
860,glade,4.89146e-07
861,gland,7.86486e-06
862,glare,3.15979e-06
863,glass,5.94684e-05
864,glaze,1.72837e-06
865,gleam,2.10353e-06
866,glean,5.14353e-07
867,glide,1.73628e-06
868,glint,6.46566e-07
869,gloat,1.78181e-07
870,globe,7.48017e-06
871,gloom,3.83586e-06
872,glory,2.05127e-05
873,gloss,1.9856e-06
874,glove,2.27931e-06
875,glyph,1.8311e-07
876,gnash,6.11902e-08
877,gnome,1.72363e-07
878,godly,1.65925e-06
879,going,0.000207906
880,golem,8.40085e-08
881,golly,9.84062e-08
882,gonad,3.35469e-07
883,goner,7.31219e-08
884,goody,1.69422e-07
885,gooey,1.45799e-07
886,goofy,2.26899e-07
887,goose,2.55894e-06
888,gorge,1.85472e-06
889,gouge,3.61872e-07
890,gourd,6.41059e-07
891,grace,2.3608e-05
892,grade,4.43382e-05
893,graft,3.9409e-06
894,grail,1.26233e-07
895,grain,3.81561e-05
896,grand,2.3668e-05
897,grant,5.13265e-05
898,grape,3.63593e-06
899,graph,1.2056e-05
900,grasp,1.00793e-05
901,grass,2.64607e-05
902,grate,2.14902e-06
903,grave,2.1701e-05
904,gravy,9.23869e-07
905,graze,1.03911e-06
906,great,0.000413668
907,greed,2.69907e-06
908,green,5.81383e-05
909,greet,3.1149e-06
910,grief,1.08475e-05
911,grill,1.29296e-06
912,grime,3.73883e-07
913,grimy,4.97555e-07
914,grind,2.14987e-06
915,gripe,2.39309e-07
916,groan,1.9118e-06
917,groin,1.21352e-06
918,groom,2.1201e-06
919,grope,3.61095e-07
920,gross,3.40634e-05
921,group,0.000224017
922,grout,7.34742e-07
923,grove,2.78761e-06
924,growl,9.98236e-07
925,grown,4.07793e-05
926,gruel,4.14034e-07
927,gruff,5.04488e-07
928,grunt,7.6806e-07
929,guard,2.39797e-05
930,guava,2.18626e-07
931,guess,1.99443e-05
932,guest,1.08354e-05
933,guide,3.60581e-05
934,guild,1.38423e-06
935,guile,5.40595e-07
936,guilt,1.26845e-05
937,guise,2.31999e-06
938,gulch,2.69068e-07
939,gully,8.98422e-07
940,gumbo,1.62101e-07
941,gummy,3.19055e-07
942,guppy,5.02512e-08
943,gusto,5.41604e-07
944,gusty,2.0878e-07
945,gypsy,1.00045e-06
946,habit,1.93024e-05
947,hairy,2.81904e-06
948,halve,2.00706e-07
949,handy,3.36606e-06
950,happy,4.83185e-05
951,hardy,3.56155e-06
952,harem,7.262e-07
953,harpy,8.98729e-08
954,harry,1.72218e-07
955,harsh,7.93605e-06
956,haste,5.01015e-06
957,hasty,3.34754e-06
958,hatch,2.93636e-06
959,hater,2.35706e-07
960,haunt,1.76588e-06
961,haute,2.51926e-07
962,haven,2.12115e-06
963,havoc,1.71029e-06
964,hazel,1.02809e-06
965,heady,6.95188e-07
966,heard,0.000110846
967,heart,0.000127011
968,heath,1.16964e-06
969,heave,1.07486e-06
970,heavy,7.20475e-05
971,hedge,4.17386e-06
972,hefty,6.0122e-07
973,heist,9.49169e-08
974,helix,1.68633e-06
975,hello,1.46533e-06
976,hence,3.22103e-05
977,heron,4.86751e-07
978,hilly,1.72935e-06
979,hinge,2.68057e-06
980,hippo,1.37622e-07
981,hippy,9.32119e-08
982,hitch,1.1862e-06
983,hoard,1.1898e-06
984,hobby,1.99041e-06
985,hoist,1.76467e-06
986,holly,6.52004e-07
987,homer,1.60917e-07
988,honey,1.02514e-05
989,honor,2.68303e-05
990,horde,7.50837e-07
991,horny,9.3469e-07
992,horse,4.58321e-05
993,hotel,2.19467e-05
994,hotly,1.00688e-06
995,hound,1.32364e-06
996,house,0.000195371
997,hovel,3.42538e-07
998,hover,9.89029e-07
999,howdy,3.73931e-08
1000,human,0.000189298
1001,humid,2.32244e-06
1002,humor,7.76493e-06
1003,humph,2.488e-08
1004,humus,1.44348e-06
1005,hunch,6.26142e-07
1006,hunky,6.59811e-08
1007,hurry,7.0659e-06
1008,husky,8.68748e-07
1009,hussy,1.22971e-07
1010,hutch,1.58827e-07
1011,hydro,2.31703e-06
1012,hyena,2.80239e-07
1013,hymen,1.96253e-07
1014,hyper,1.11768e-06
1015,icily,1.28772e-07
1016,icing,1.21763e-06
1017,ideal,3.18059e-05
1018,idiom,1.81312e-06
1019,idiot,2.36875e-06
1020,idler,4.58013e-07
1021,idyll,2.60881e-07
1022,igloo,1.24079e-07
1023,iliac,1.40049e-06
1024,image,5.9443e-05
1025,imbue,2.25834e-07
1026,impel,4.06859e-07
1027,imply,1.09724e-05
1028,inane,2.8758e-07
1029,inbox,1.30356e-07
1030,incur,3.57129e-06
1031,index,4.94559e-05
1032,inept,6.36626e-07
1033,inert,3.55446e-06
1034,infer,4.8353e-06
1035,ingot,1.3203e-06
1036,inlay,4.47323e-07
1037,inlet,6.72564e-06
1038,inner,3.64519e-05
1039,input,3.347e-05
1040,inter,1.68041e-05
1041,intro,7.38578e-07
1042,ionic,3.92933e-06
1043,irate,4.38519e-07
1044,irony,4.41737e-06
1045,islet,9.54254e-07
1046,issue,0.000136776
1047,itchy,2.87954e-07
1048,ivory,3.73132e-06
1049,jaunt,2.27007e-07
1050,jazzy,9.59707e-08
1051,jelly,2.27705e-06
1052,jerky,5.18329e-07
1053,jetty,1.10782e-06
1054,jewel,1.93661e-06
1055,jiffy,1.15663e-07
1056,joint,5.84868e-05
1057,joist,3.16874e-07
1058,joker,2.68109e-07
1059,jolly,1.7206e-06
1060,joust,1.21848e-07
1061,judge,5.70202e-05
1062,juice,1.14052e-05
1063,juicy,1.08029e-06
1064,jumbo,3.97187e-07
1065,jumpy,2.14797e-07
1066,junta,6.93739e-07
1067,junto,7.99778e-08
1068,juror,2.46215e-06
1069,kappa,3.39368e-07
1070,karma,9.4198e-07
1071,kayak,3.08175e-07
1072,kebab,7.29983e-08
1073,khaki,7.47191e-07
1074,kinky,1.97937e-07
1075,kiosk,3.38944e-07
1076,kitty,2.76555e-07
1077,knack,7.52909e-07
1078,knave,6.92596e-07
1079,knead,2.6286e-07
1080,kneed,1.84545e-07
1081,kneel,1.24364e-06
1082,knelt,2.63453e-06
1083,knife,1.37145e-05
1084,knock,5.77286e-06
1085,knoll,5.93082e-07
1086,known,0.000229561
1087,koala,7.68747e-08
1088,krill,2.59859e-07
1089,label,1.40892e-05
1090,labor,9.54985e-05
1091,laden,4.29096e-06
1092,ladle,8.37e-07
1093,lager,3.05654e-07
1094,lance,2.14574e-06
1095,lanky,3.50184e-07
1096,lapel,3.49749e-07
1097,lapse,5.15651e-06
1098,large,0.000344244
1099,larva,3.08948e-06
1100,lasso,2.11807e-07
1101,latch,2.07367e-06
1102,later,0.000195715
1103,lathe,1.73783e-06
1104,latte,1.57708e-07
1105,laugh,1.51705e-05
1106,layer,4.33976e-05
1107,leach,6.14302e-07
1108,leafy,1.67418e-06
1109,leaky,7.8771e-07
1110,leant,6.77275e-07
1111,leapt,1.57755e-06
1112,learn,5.67862e-05
1113,lease,2.77684e-05
1114,leash,8.17201e-07
1115,least,0.000215644
1116,leave,0.000109206
1117,ledge,2.72217e-06
1118,leech,4.38769e-07
1119,leery,1.48206e-07
1120,lefty,5.21743e-08
1121,legal,9.49641e-05
1122,leggy,9.26359e-08
1123,lemon,4.95294e-06
1124,lemur,8.56581e-08
1125,leper,6.14466e-07
1126,level,0.000213272
1127,lever,8.62669e-06
1128,libel,3.36963e-06
1129,liege,4.40649e-07
1130,light,0.00019701
1131,liken,2.73305e-07
1132,lilac,9.49193e-07
1133,limbo,5.794e-07
1134,limit,5.29319e-05
1135,linen,6.29685e-06
1136,liner,2.83187e-06
1137,lingo,2.41839e-07
1138,lipid,4.51496e-06
1139,lithe,4.97848e-07
1140,liver,2.16468e-05
1141,livid,7.26179e-07
1142,llama,2.49625e-07
1143,loamy,1.00542e-06
1144,loath,7.66175e-07
1145,lobby,4.37286e-06
1146,local,0.000205929
1147,locus,4.57196e-06
1148,lodge,5.43542e-06
1149,lofty,5.6515e-06
1150,logic,1.97147e-05
1151,login,5.45576e-07
1152,loopy,5.93856e-08
1153,loose,2.04304e-05
1154,lorry,8.8089e-07
1155,loser,1.20515e-06
1156,louse,6.53097e-07
1157,lousy,7.57817e-07
1158,lover,1.06547e-05
1159,lower,0.000145494
1160,lowly,1.74534e-06
1161,loyal,8.27937e-06
1162,lucid,1.8086e-06
1163,lucky,7.8506e-06
1164,lumen,2.20135e-06
1165,lumpy,4.75243e-07
1166,lunar,3.45372e-06
1167,lunch,1.37423e-05
1168,lunge,3.31473e-07
1169,lupus,1.33162e-06
1170,lurch,5.1705e-07
1171,lurid,7.72262e-07
1172,lusty,6.7979e-07
1173,lying,2.90164e-05
1174,lymph,4.84096e-06
1175,lynch,2.39749e-07
1176,lyric,2.29077e-06
1177,macaw,7.76025e-08
1178,macho,4.40946e-07
1179,macro,3.69414e-06
1180,madam,2.20311e-06
1181,madly,9.62737e-07
1182,mafia,3.06865e-07
1183,magic,1.23782e-05
1184,magma,1.59325e-06
1185,maize,5.36591e-06
1186,major,0.000140508
1187,maker,9.52496e-06
1188,mambo,4.95242e-08
1189,mamma,1.53457e-06
1190,mammy,1.98688e-07
1191,manga,1.95504e-07
1192,mange,2.79607e-07
1193,mango,9.21733e-07
1194,mangy,1.446e-07
1195,mania,1.61876e-06
1196,manic,1.03522e-06
1197,manly,2.71546e-06
1198,manor,4.18054e-06
1199,maple,3.10109e-06
1200,march,1.32895e-05
1201,marry,1.44748e-05
1202,marsh,3.50323e-06
1203,mason,9.94011e-07
1204,masse,8.91607e-07
1205,match,1.97722e-05
1206,matey,3.86313e-08
1207,mauve,4.84735e-07
1208,maxim,2.6403e-06
1209,maybe,2.32693e-05
1210,mayor,9.6447e-06
1211,mealy,3.35196e-07
1212,meant,4.92647e-05
1213,meaty,3.0943e-07
1214,mecca,1.64473e-07
1215,medal,3.89239e-06
1216,media,4.24477e-05
1217,medic,3.50695e-07
1218,melee,2.87678e-07
1219,melon,8.75092e-07
1220,mercy,1.32207e-05
1221,merge,3.02847e-06
1222,merit,1.75363e-05
1223,merry,4.20122e-06
1224,metal,6.03501e-05
1225,meter,1.17592e-05
1226,metro,8.51618e-07
1227,micro,7.08618e-06
1228,midge,2.52304e-07
1229,midst,1.34347e-05
1230,might,0.000361775
1231,milky,1.07345e-06
1232,mimic,1.67249e-06
1233,mince,4.3267e-07
1234,miner,2.82813e-06
1235,minim,1.75672e-07
1236,minor,3.75115e-05
1237,minty,4.91065e-08
1238,minus,6.61247e-06
1239,mirth,1.77478e-06
1240,miser,5.15884e-07
1241,missy,9.16208e-08
1242,mocha,9.13041e-08
1243,modal,2.80587e-06
1244,model,0.000134841
1245,modem,2.99497e-06
1246,mogul,1.44538e-07
1247,moist,7.15758e-06
1248,molar,3.41747e-06
1249,moldy,2.59128e-07
1250,money,0.000188195
1251,month,0.000100888
1252,moody,5.87899e-07
1253,moose,1.16326e-06
1254,moral,5.64081e-05
1255,moron,2.47797e-07
1256,morph,2.45775e-07
1257,mossy,6.28641e-07
1258,motel,1.60444e-06
1259,motif,3.0193e-06
1260,motor,4.96637e-05
1261,motto,2.89349e-06
1262,moult,4.64349e-07
1263,mound,3.8228e-06
1264,mount,6.85864e-06
1265,mourn,1.90334e-06
1266,mouse,1.06523e-05
1267,mouth,5.68045e-05
1268,mover,1.49339e-06
1269,movie,1.1179e-05
1270,mower,7.01016e-07
1271,mucky,9.94535e-08
1272,mucus,2.14268e-06
1273,muddy,2.9351e-06
1274,mulch,1.0239e-06
1275,mummy,7.93105e-07
1276,munch,1.24086e-07
1277,mural,1.53013e-06
1278,murky,8.46675e-07
1279,mushy,2.7967e-07
1280,music,6.97985e-05
1281,musky,2.04157e-07
1282,musty,6.65894e-07
1283,myrrh,3.72513e-07
1284,nadir,4.19396e-07
1285,naive,3.23869e-06
1286,nanny,5.04927e-07
1287,nasal,5.36227e-06
1288,nasty,2.69508e-06
1289,natal,8.83292e-07
1290,naval,1.69065e-05
1291,navel,8.44524e-07
1292,needy,3.44382e-06
1293,neigh,3.03941e-07
1294,nerdy,6.85746e-08
1295,nerve,2.16437e-05
1296,never,0.000288426
1297,newer,4.75822e-06
1298,newly,2.13483e-05
1299,nicer,7.36142e-07
1300,niche,2.69476e-06
1301,niece,3.23322e-06
1302,night,0.000142262
1303,ninja,1.04747e-07
1304,ninny,8.5666e-08
1305,ninth,8.50673e-06
1306,noble,2.94475e-05
1307,nobly,1.30447e-06
1308,noise,3.29306e-05
1309,noisy,3.892e-06
1310,nomad,4.045e-07
1311,noose,6.25682e-07
1312,north,7.59196e-05
1313,nosey,6.23476e-08
1314,notch,3.33683e-06
1315,novel,3.16716e-05
1316,nudge,4.66466e-07
1317,nurse,1.73705e-05
1318,nutty,2.38618e-07
1319,nylon,2.14638e-06
1320,nymph,9.26001e-07
1321,oaken,3.2122e-07
1322,obese,1.55178e-06
1323,occur,7.38941e-05
1324,ocean,2.14295e-05
1325,octal,1.59724e-07
1326,octet,2.38979e-07
1327,odder,8.60745e-08
1328,oddly,1.64549e-06
1329,offal,5.26588e-07
1330,offer,7.10663e-05
1331,often,0.000236717
1332,olden,9.59142e-07
1333,older,4.77047e-05
1334,olive,7.40907e-06
1335,ombre,8.00015e-08
1336,omega,6.51078e-07
1337,onion,4.04419e-06
1338,onset,1.02177e-05
1339,opera,9.255e-06
1340,opine,1.59622e-07
1341,opium,4.37558e-06
1342,optic,4.76232e-06
1343,orbit,8.09967e-06
1344,order,0.000391005
1345,organ,1.77821e-05
1346,other,0.00139559
1347,otter,1.03722e-06
1348,ought,5.89624e-05
1349,ounce,5.85696e-06
1350,outdo,3.24666e-07
1351,outer,2.96506e-05
1352,outgo,2.10676e-07
1353,ovary,3.15674e-06
1354,ovate,2.47051e-06
1355,overt,3.64643e-06
1356,ovine,2.13803e-07
1357,ovoid,9.85934e-07
1358,owing,2.43307e-05
1359,owner,5.46561e-05
1360,oxide,1.65201e-05
1361,ozone,4.30974e-06
1362,paddy,1.74799e-06
1363,pagan,3.36235e-06
1364,paint,1.59503e-05
1365,paler,1.80332e-06
1366,palsy,1.4705e-06
1367,panel,2.18726e-05
1368,panic,7.38343e-06
1369,pansy,1.43024e-07
1370,papal,2.74691e-06
1371,paper,0.000148149
1372,parer,1.84114e-08
1373,parka,2.06408e-07
1374,parry,3.12227e-07
1375,parse,3.88086e-07
1376,party,0.00015321
1377,pasta,1.54725e-06
1378,paste,5.44541e-06
1379,pasty,4.08849e-07
1380,patch,7.16462e-06
1381,patio,1.38376e-06
1382,patsy,4.88844e-08
1383,patty,1.5068e-07
1384,pause,8.89583e-06
1385,payee,2.12006e-06
1386,payer,1.05338e-06
1387,peace,7.47974e-05
1388,peach,2.89614e-06
1389,pearl,2.94244e-06
1390,pecan,5.40572e-07
1391,pedal,1.8738e-06
1392,penal,4.83315e-06
1393,pence,2.2892e-06
1394,penne,6.27864e-08
1395,penny,4.75966e-06
1396,perch,2.15947e-06
1397,peril,4.37512e-06
1398,perky,1.66532e-07
1399,pesky,1.75041e-07
1400,pesto,1.41524e-07
1401,petal,7.43285e-07
1402,petty,6.07121e-06
1403,phase,6.83086e-05
1404,phone,2.88172e-05
1405,phony,6.21463e-07
1406,photo,1.1438e-05
1407,piano,9.71656e-06
1408,picky,1.63131e-07
1409,piece,5.6883e-05
1410,piety,4.96714e-06
1411,piggy,1.9164e-07
1412,pilot,1.83943e-05
1413,pinch,2.7035e-06
1414,piney,6.09479e-08
1415,pinky,1.35559e-07
1416,pinto,1.5141e-07
1417,piper,3.49814e-07
1418,pique,3.99427e-07
1419,pitch,1.26613e-05
1420,pithy,3.97294e-07
1421,pivot,2.56328e-06
1422,pixel,2.47258e-06
1423,pixie,1.06483e-07
1424,pizza,1.88687e-06
1425,place,0.000363655
1426,plaid,6.5576e-07
1427,plain,3.65114e-05
1428,plait,2.9303e-07
1429,plane,3.96801e-05
1430,plank,2.69445e-06
1431,plant,0.000117389
1432,plate,4.664e-05
1433,plaza,1.28742e-06
1434,plead,4.82151e-06
1435,pleat,9.97462e-08
1436,plied,1.03729e-06
1437,plier,4.55819e-08
1438,pluck,1.4472e-06
1439,plumb,7.47958e-07
1440,plume,2.01782e-06
1441,plump,1.72135e-06
1442,plunk,5.70964e-08
1443,plush,7.80544e-07
1444,poesy,2.24468e-07
1445,point,0.00030763
1446,poise,9.43733e-07
1447,poker,1.51348e-06
1448,polar,7.16432e-06
1449,polka,2.8868e-07
1450,polyp,4.18666e-07
1451,pooch,5.27237e-08
1452,poppy,9.13885e-07
1453,porch,6.05406e-06
1454,poser,9.60888e-08
1455,posit,7.96253e-07
1456,posse,6.80661e-07
1457,pouch,2.17396e-06
1458,pound,2.20267e-05
1459,pouty,5.66368e-08
1460,power,0.00033361
1461,prank,3.17714e-07
1462,prawn,3.36026e-07
1463,preen,8.33594e-08
1464,press,5.23922e-05
1465,price,0.000140306
1466,prick,1.0947e-06
1467,pride,1.98468e-05
1468,pried,3.35677e-07
1469,prime,1.85931e-05
1470,primo,3.22911e-07
1471,print,2.26791e-05
1472,prior,8.52199e-05
1473,prism,2.68255e-06
1474,privy,2.24378e-06
1475,prize,1.21879e-05
1476,probe,8.09461e-06
1477,prone,5.78683e-06
1478,prong,6.67351e-07
1479,proof,4.90146e-05
1480,prose,8.57946e-06
1481,proud,1.89688e-05
1482,prove,5.08174e-05
1483,prowl,2.85168e-07
1484,proxy,3.72468e-06
1485,prude,1.19459e-07
1486,prune,7.80517e-07
1487,psalm,1.22714e-06
1488,pubic,8.7037e-07
1489,pudgy,1.84707e-07
1490,puffy,4.90139e-07
1491,pulpy,2.44371e-07
1492,pulse,1.79272e-05
1493,punch,4.61766e-06
1494,pupal,5.15804e-07
1495,pupil,1.35996e-05
1496,puppy,1.6699e-06
1497,puree,3.81446e-07
1498,purer,1.27346e-06
1499,purge,1.73708e-06
1500,purse,5.5456e-06
1501,pushy,1.97991e-07
1502,putty,5.8703e-07
1503,pygmy,2.23162e-07
1504,quack,5.84247e-07
1505,quail,1.41788e-06
1506,quake,5.71696e-07
1507,qualm,1.17527e-07
1508,quark,1.22121e-06
1509,quart,2.57205e-06
1510,quash,9.86641e-07
1511,quasi,7.01031e-06
1512,queen,1.31564e-05
1513,queer,3.55845e-06
1514,quell,7.2278e-07
1515,query,6.0255e-06
1516,quest,6.24284e-06
1517,queue,2.52532e-06
1518,quick,2.74076e-05
1519,quiet,2.97844e-05
1520,quill,7.76757e-07
1521,quilt,1.39718e-06
1522,quirk,2.21942e-07
1523,quite,0.000147874
1524,quota,6.37344e-06
1525,quote,1.16989e-05
1526,quoth,9.49399e-07
1527,rabbi,1.32644e-06
1528,rabid,5.57919e-07
1529,racer,3.05839e-07
1530,radar,7.08562e-06
1531,radii,2.0009e-06
1532,radio,3.48091e-05
1533,rainy,3.52348e-06
1534,raise,3.72838e-05
1535,rajah,1.96419e-07
1536,rally,3.15671e-06
1537,ralph,3.40474e-08
1538,ramen,4.27373e-08
1539,ranch,4.93133e-06
1540,randy,8.5057e-08
1541,range,0.000128008
1542,rapid,4.18271e-05
1543,rarer,1.07289e-06
1544,raspy,2.06798e-07
1545,ratio,5.54975e-05
1546,ratty,1.12574e-07
1547,raven,9.78799e-07
1548,rayon,1.20445e-06
1549,razor,1.90386e-06
1550,reach,5.92654e-05
1551,react,8.0265e-06
1552,ready,7.28064e-05
1553,realm,1.16664e-05
1554,rearm,8.69352e-08
1555,rebar,1.33067e-07
1556,rebel,4.88336e-06
1557,rebus,3.39633e-07
1558,rebut,9.53277e-07
1559,recap,2.18073e-07
1560,recur,1.75766e-06
1561,recut,7.51964e-08
1562,reedy,1.85377e-07
1563,refer,3.72887e-05
1564,refit,2.55561e-07
1565,regal,1.14075e-06
1566,rehab,4.08179e-07
1567,reign,1.67663e-05
1568,relax,4.95138e-06
1569,relay,4.63884e-06
1570,relic,1.69353e-06
1571,remit,2.10191e-06
1572,renal,1.11733e-05
1573,renew,4.99136e-06
1574,repay,4.1159e-06
1575,repel,1.56685e-06
1576,reply,3.0092e-05
1577,rerun,2.44507e-07
1578,reset,1.84518e-06
1579,resin,6.71106e-06
1580,retch,6.64948e-08
1581,retro,5.20149e-07
1582,retry,1.26648e-07
1583,reuse,2.03175e-06
1584,revel,6.73818e-07
1585,revue,3.79936e-07
1586,rhino,2.80532e-07
1587,rhyme,2.64912e-06
1588,rider,3.49927e-06
1589,ridge,1.01103e-05
1590,rifle,6.95618e-06
1591,right,0.000403903
1592,rigid,1.38785e-05
1593,rigor,1.27538e-06
1594,rinse,1.36632e-06
1595,ripen,1.16589e-06
1596,riper,2.15444e-07
1597,risen,8.96955e-06
1598,riser,7.26845e-07
1599,risky,3.05656e-06
1600,rival,9.62387e-06
1601,river,7.67351e-05
1602,rivet,9.87098e-07
1603,roach,3.50307e-07
1604,roast,2.31627e-06
1605,robin,8.43794e-07
1606,robot,3.6658e-06
1607,rocky,5.66076e-06
1608,rodeo,4.33054e-07
1609,roger,6.3956e-08
1610,rogue,1.40757e-06
1611,roomy,5.04986e-07
1612,roost,7.31253e-07
1613,rotor,4.89452e-06
1614,rouge,5.10983e-07
1615,rough,2.17843e-05
1616,round,7.40989e-05
1617,rouse,1.40773e-06
1618,route,3.14419e-05
1619,rover,2.88346e-07
1620,rowdy,3.69994e-07
1621,rower,1.2663e-07
1622,royal,2.15556e-05
1623,ruddy,9.95295e-07
1624,ruder,2.22504e-07
1625,rugby,6.9943e-07
1626,ruler,7.36705e-06
1627,rumba,6.41876e-08
1628,rumor,1.87775e-06
1629,rupee,1.00086e-06
1630,rural,4.40611e-05
1631,rusty,1.96057e-06
1632,sadly,4.26741e-06
1633,safer,4.62622e-06
1634,saint,5.25338e-06
1635,salad,3.71289e-06
1636,sally,5.29038e-07
1637,salon,1.45935e-06
1638,salsa,4.15334e-07
1639,salty,1.04576e-06
1640,salve,4.42846e-07
1641,salvo,2.76711e-07
1642,sandy,9.98318e-06
1643,saner,1.55809e-07
1644,sappy,1.12093e-07
1645,sassy,1.41619e-07
1646,satin,2.14385e-06
1647,satyr,2.66428e-07
1648,sauce,6.08567e-06
1649,saucy,4.12442e-07
1650,sauna,4.37291e-07
1651,saute,2.13549e-07
1652,savor,5.98809e-07
1653,savoy,2.09939e-08
1654,savvy,6.63497e-07
1655,scald,3.39033e-07
1656,scale,8.06135e-05
1657,scalp,2.47287e-06
1658,scaly,8.61491e-07
1659,scamp,1.62894e-07
1660,scant,2.19883e-06
1661,scare,2.25714e-06
1662,scarf,1.66811e-06
1663,scary,1.39514e-06
1664,scene,4.10315e-05
1665,scent,4.77229e-06
1666,scion,6.14884e-07
1667,scoff,3.51949e-07
1668,scold,5.73426e-07
1669,scone,8.98069e-08
1670,scoop,1.25344e-06
1671,scope,3.3008e-05
1672,score,2.0263e-05
1673,scorn,3.62107e-06
1674,scour,9.44798e-07
1675,scout,1.64859e-06
1676,scowl,6.42365e-07
1677,scram,1.25314e-07
1678,scrap,6.34534e-06
1679,scree,1.96414e-07
1680,screw,9.69723e-06
1681,scrub,2.32561e-06
1682,scrum,1.75018e-07
1683,scuba,3.94304e-07
1684,sedan,8.83688e-07
1685,seedy,3.43836e-07
1686,segue,7.10419e-08
1687,seize,5.84674e-06
1688,semen,1.59363e-06
1689,sense,0.000142088
1690,sepia,3.36159e-07
1691,serif,1.67069e-07
1692,serum,1.65762e-05
1693,serve,7.0087e-05
1694,setup,3.54969e-06
1695,seven,7.92179e-05
1696,sever,1.34763e-06
1697,sewer,6.87465e-06
1698,shack,1.01685e-06
1699,shade,1.24251e-05
1700,shady,1.75608e-06
1701,shaft,2.21207e-05
1702,shake,8.93585e-06
1703,shaky,1.37832e-06
1704,shale,8.11834e-06
1705,shall,0.000680749
1706,shalt,5.50444e-06
1707,shame,1.11421e-05
1708,shank,1.54933e-06
1709,shape,5.18016e-05
1710,shard,1.67589e-07
1711,share,8.3714e-05
1712,shark,1.82629e-06
1713,sharp,2.86607e-05
1714,shave,1.2379e-06
1715,shawl,1.4187e-06
1716,shear,1.06406e-05
1717,sheen,8.25023e-07
1718,sheep,2.27165e-05
1719,sheer,6.65731e-06
1720,sheet,3.29874e-05
1721,sheik,1.60745e-07
1722,shelf,8.69876e-06
1723,shell,2.2051e-05
1724,shied,3.09007e-07
1725,shift,3.16148e-05
1726,shine,4.70806e-06
1727,shiny,2.76716e-06
1728,shire,1.2088e-06
1729,shirk,4.16656e-07
1730,shirt,1.20943e-05
1731,shoal,1.27749e-06
1732,shock,2.24559e-05
1733,shone,4.11278e-06
1734,shook,2.02635e-05
1735,shoot,1.08002e-05
1736,shore,2.4743e-05
1737,shorn,8.90688e-07
1738,short,0.000162015
1739,shout,4.40379e-06
1740,shove,1.07541e-06
1741,shown,0.000190543
1742,showy,1.01931e-06
1743,shrew,3.42176e-07
1744,shrub,2.79176e-06
1745,shrug,1.43197e-06
1746,shuck,9.81998e-08
1747,shunt,2.07465e-06
1748,shush,6.25598e-08
1749,shyly,5.87754e-07
1750,siege,6.13666e-06
1751,sieve,2.53607e-06
1752,sight,4.26244e-05
1753,sigma,7.4055e-07
1754,silky,1.3188e-06
1755,silly,5.59449e-06
1756,since,0.000276876
1757,sinew,3.83458e-07
1758,singe,1.3295e-07
1759,siren,9.59613e-07
1760,sissy,1.6553e-07
1761,sixth,1.70731e-05
1762,sixty,2.31264e-05
1763,skate,6.27592e-07
1764,skier,2.71751e-07
1765,skiff,4.55075e-07
1766,skill,2.65222e-05
1767,skimp,7.86535e-08
1768,skirt,4.53731e-06
1769,skulk,8.17397e-08
1770,skull,7.67018e-06
1771,skunk,4.97179e-07
1772,slack,3.2445e-06
1773,slain,4.70357e-06
1774,slang,1.39823e-06
1775,slant,1.252e-06
1776,slash,1.45263e-06
1777,slate,4.82279e-06
1778,slave,1.84773e-05
1779,sleek,1.20166e-06
1780,sleep,3.78317e-05
1781,sleet,6.33064e-07
1782,slept,8.32481e-06
1783,slice,4.15803e-06
1784,slick,1.38349e-06
1785,slide,1.15539e-05
1786,slime,1.23333e-06
1787,slimy,7.64474e-07
1788,sling,1.23552e-06
1789,slink,1.46187e-07
1790,sloop,1.08506e-06
1791,slope,1.8954e-05
1792,slosh,7.80004e-08
1793,sloth,6.09057e-07
1794,slump,1.47638e-06
1795,slung,1.18918e-06
1796,slunk,2.68909e-07
1797,slurp,6.31793e-08
1798,slush,4.48506e-07
1799,slyly,3.89127e-07
1800,smack,9.13657e-07
1801,small,0.000332485
1802,smart,8.29925e-06
1803,smash,1.22302e-06
1804,smear,1.49811e-06
1805,smell,1.21063e-05
1806,smelt,1.00968e-06
1807,smile,3.04689e-05
1808,smirk,6.11295e-07
1809,smite,5.86397e-07
1810,smith,9.75624e-07
1811,smock,2.95576e-07
1812,smoke,1.96883e-05
1813,smoky,1.23282e-06
1814,smote,9.88205e-07
1815,snack,1.4626e-06
1816,snail,1.47543e-06
1817,snake,5.60822e-06
1818,snaky,8.95451e-08
1819,snare,1.31712e-06
1820,snarl,4.72061e-07
1821,sneak,1.33829e-06
1822,sneer,1.07684e-06
1823,snide,1.45842e-07
1824,sniff,6.94253e-07
1825,snipe,3.94695e-07
1826,snoop,1.01401e-07
1827,snore,2.78896e-07
1828,snort,5.74461e-07
1829,snout,1.58137e-06
1830,snowy,1.60418e-06
1831,snuck,3.43792e-07
1832,snuff,1.31006e-06
1833,soapy,3.53719e-07
1834,sober,4.68487e-06
1835,soggy,4.25631e-07
1836,solar,1.80203e-05
1837,solid,4.55478e-05
1838,solve,1.79596e-05
1839,sonar,7.32559e-07
1840,sonic,1.156e-06
1841,sooth,4.323e-07
1842,sooty,4.50082e-07
1843,sorry,2.22503e-05
1844,sound,8.31749e-05
1845,south,7.12334e-05
1846,sower,2.21107e-07
1847,space,0.000118842
1848,spade,1.41575e-06
1849,spank,1.63127e-07
1850,spare,1.12211e-05
1851,spark,5.73239e-06
1852,spasm,1.79249e-06
1853,spawn,1.21361e-06
1854,speak,6.89225e-05
1855,spear,3.61147e-06
1856,speck,8.53039e-07
1857,speed,6.29323e-05
1858,spell,7.57079e-06
1859,spelt,9.33653e-07
1860,spend,2.76229e-05
1861,spent,5.57741e-05
1862,sperm,4.05769e-06
1863,spice,1.47338e-06
1864,spicy,9.91938e-07
1865,spied,8.2121e-07
1866,spiel,1.09383e-07
1867,spike,2.64427e-06
1868,spiky,2.53615e-07
1869,spill,3.12041e-06
1870,spilt,4.69046e-07
1871,spine,8.31025e-06
1872,spiny,6.85766e-07
1873,spire,1.42364e-06
1874,spite,2.73437e-05
1875,splat,1.03154e-07
1876,split,1.76491e-05
1877,spoil,3.66235e-06
1878,spoke,4.08153e-05
1879,spoof,1.50859e-07
1880,spook,1.65114e-07
1881,spool,9.37251e-07
1882,spoon,3.23442e-06
1883,spore,1.71717e-06
1884,sport,1.18003e-05
1885,spout,1.10799e-06
1886,spray,1.00242e-05
1887,spree,4.43301e-07
1888,sprig,3.64058e-07
1889,spunk,1.41755e-07
1890,spurn,2.91015e-07
1891,spurt,6.78367e-07
1892,squad,2.75856e-06
1893,squat,1.00173e-06
1894,squib,1.20293e-07
1895,stack,6.70349e-06
1896,staff,8.32456e-05
1897,stage,8.94978e-05
1898,staid,9.73807e-07
1899,stain,4.98875e-06
1900,stair,1.63947e-06
1901,stake,8.51862e-06
1902,stale,2.06368e-06
1903,stalk,3.08405e-06
1904,stall,3.29459e-06
1905,stamp,9.65703e-06
1906,stand,7.54197e-05
1907,stank,2.15829e-07
1908,stare,4.8491e-06
1909,stark,2.40515e-06
1910,start,6.90366e-05
1911,stash,3.02356e-07
1912,state,0.000407045
1913,stave,8.12512e-07
1914,stead,2.57074e-06
1915,steak,1.77088e-06
1916,steal,5.1975e-06
1917,steam,3.67394e-05
1918,steed,1.04374e-06
1919,steel,6.35594e-05
1920,steep,1.02728e-05
1921,steer,2.96786e-06
1922,stein,1.61527e-07
1923,stern,6.80879e-06
1924,stick,1.53295e-05
1925,stiff,7.81204e-06
1926,still,0.000328205
1927,stilt,1.27577e-07
1928,sting,2.32332e-06
1929,stink,7.54561e-07
1930,stint,8.3499e-07
1931,stock,0.000112627
1932,stoic,4.35604e-07
1933,stoke,1.58665e-07
1934,stole,3.89196e-06
1935,stomp,2.03201e-07
1936,stone,4.96127e-05
1937,stony,2.17697e-06
1938,stood,6.53874e-05
1939,stool,3.73992e-06
1940,stoop,1.22783e-06
1941,store,3.89175e-05
1942,stork,3.34185e-07
1943,storm,1.91639e-05
1944,story,9.76582e-05
1945,stout,5.22367e-06
1946,stove,5.48975e-06
1947,strap,2.70248e-06
1948,straw,9.01173e-06
1949,stray,2.97588e-06
1950,strip,1.45102e-05
1951,strut,9.28977e-07
1952,stuck,1.00433e-05
1953,study,0.000240195
1954,stuff,1.53064e-05
1955,stump,2.49863e-06
1956,stung,1.34034e-06
1957,stunk,6.35714e-08
1958,stunt,8.16811e-07
1959,style,5.60627e-05
1960,suave,3.46595e-07
1961,sugar,3.88837e-05
1962,suing,1.40516e-06
1963,suite,4.89705e-06
1964,sulky,4.60405e-07
1965,sully,1.63235e-07
1966,sumac,2.1799e-07
1967,sunny,3.88234e-06
1968,super,7.31336e-06
1969,surer,6.47948e-07
1970,surge,3.85439e-06
1971,surly,5.50614e-07
1972,sushi,2.99487e-07
1973,swami,4.82984e-08
1974,swamp,3.73219e-06
1975,swarm,2.04102e-06
1976,swash,1.18639e-07
1977,swath,4.63738e-07
1978,swear,6.12169e-06
1979,sweat,6.33348e-06
1980,sweep,6.30797e-06
1981,sweet,2.8063e-05
1982,swell,4.44974e-06
1983,swept,1.0153e-05
1984,swift,5.53447e-06
1985,swill,1.58057e-07
1986,swine,3.68365e-06
1987,swing,7.88617e-06
1988,swirl,9.06154e-07
1989,swish,2.97511e-07
1990,swoon,3.98217e-07
1991,swoop,4.96598e-07
1992,sword,1.56866e-05
1993,swore,3.37477e-06
1994,sworn,8.71206e-06
1995,swung,5.77466e-06
1996,synod,1.09639e-06
1997,syrup,3.34659e-06
1998,tabby,1.60583e-07
1999,table,0.000119884
2000,taboo,1.31779e-06
2001,tacit,1.92022e-06
2002,tacky,2.93856e-07
2003,taffy,8.65746e-08
2004,taint,1.1817e-06
2005,taken,0.000271784
2006,taker,8.6041e-07
2007,tally,1.44894e-06
2008,talon,1.10862e-07
2009,tamer,1.72605e-07
2010,tango,3.01938e-07
2011,tangy,1.65746e-07
2012,taper,1.89184e-06
2013,tapir,1.15571e-07
2014,tardy,7.98657e-07
2015,tarot,1.28978e-07
2016,taste,2.81278e-05
2017,tasty,9.91338e-07
2018,tatty,7.35703e-08
2019,taunt,5.34406e-07
2020,tawny,8.73951e-07
2021,teach,2.44351e-05
2022,teary,1.332e-07
2023,tease,1.15509e-06
2024,teddy,3.85315e-07
2025,teeth,2.98575e-05
2026,tempo,2.22137e-06
2027,tenet,8.484e-07
2028,tenor,3.54366e-06
2029,tense,6.30961e-06
2030,tenth,1.01088e-05
2031,tepee,1.5262e-07
2032,tepid,5.44614e-07
2033,terra,1.7258e-06
2034,terse,7.22055e-07
2035,testy,1.72886e-07
2036,thank,2.59394e-05
2037,theft,6.38567e-06
2038,their,0.00179912
2039,theme,2.00086e-05
2040,there,0.00114139
2041,these,0.000999997
2042,theta,5.59731e-07
2043,thick,3.87136e-05
2044,thief,3.70012e-06
2045,thigh,4.06232e-06
2046,thing,0.000150782
2047,think,0.00030833
2048,third,0.000153992
2049,thong,4.32737e-07
2050,thorn,1.62471e-06
2051,those,0.000636472
2052,three,0.000460226
2053,threw,1.58379e-05
2054,throb,6.64242e-07
2055,throw,1.98802e-05
2056,thrum,9.39826e-08
2057,thumb,7.17529e-06
2058,thump,7.19366e-07
2059,thyme,8.58289e-07
2060,tiara,2.73399e-07
2061,tibia,2.02506e-06
2062,tidal,5.02071e-06
2063,tiger,2.86806e-06
2064,tight,1.70716e-05
2065,tilde,7.62148e-08
2066,timer,1.64454e-06
2067,timid,2.75933e-06
2068,tipsy,3.32277e-07
2069,titan,1.4141e-07
2070,tithe,1.37311e-06
2071,title,0.000103496
2072,toast,3.20561e-06
2073,today,9.11608e-05
2074,toddy,2.31478e-07
2075,token,5.5243e-06
2076,tonal,1.31949e-06
2077,tonga,5.92176e-08
2078,tonic,2.59243e-06
2079,tooth,9.84647e-06
2080,topaz,3.17672e-07
2081,topic,1.86194e-05
2082,torch,3.05385e-06
2083,torso,1.37953e-06
2084,torus,6.6616e-07
2085,total,0.000212546
2086,totem,6.36976e-07
2087,touch,3.50035e-05
2088,tough,1.0281e-05
2089,towel,3.34868e-06
2090,tower,1.39517e-05
2091,toxic,1.0812e-05
2092,toxin,2.80554e-06
2093,trace,2.02999e-05
2094,track,3.48959e-05
2095,tract,1.84109e-05
2096,trade,0.00014628
2097,trail,1.13982e-05
2098,train,4.31598e-05
2099,trait,4.53887e-06
2100,tramp,1.54326e-06
2101,trash,3.21661e-06
2102,trawl,8.62393e-07
2103,tread,3.53979e-06
2104,treat,2.39628e-05
2105,trend,2.34628e-05
2106,triad,1.21452e-06
2107,trial,9.10294e-05
2108,tribe,1.31707e-05
2109,trice,1.68082e-07
2110,trick,6.25396e-06
2111,tried,7.16741e-05
2112,tripe,2.09979e-07
2113,trite,6.41166e-07
2114,troll,3.60914e-07
2115,troop,3.67865e-06
2116,trope,5.75297e-07
2117,trout,6.40472e-06
2118,trove,3.11185e-07
2119,truce,2.19461e-06
2120,truck,2.16108e-05
2121,truer,1.1034e-06
2122,truly,3.19643e-05
2123,trump,7.96955e-07
2124,trunk,1.13325e-05
2125,truss,1.62472e-06
2126,trust,7.03826e-05
2127,truth,7.97959e-05
2128,tryst,1.88763e-07
2129,tubal,4.97155e-07
2130,tuber,9.31495e-07
2131,tulip,5.19011e-07
2132,tulle,1.7536e-07
2133,tumor,1.57632e-05
2134,tunic,1.3005e-06
2135,turbo,7.76478e-07
2136,tutor,3.15432e-06
2137,twang,2.2565e-07
2138,tweak,1.96247e-07
2139,tweed,4.16915e-07
2140,tweet,1.80008e-07
2141,twice,3.58034e-05
2142,twine,1.33432e-06
2143,twirl,1.91392e-07
2144,twist,4.74104e-06
2145,twixt,3.29997e-07
2146,tying,2.62177e-06
2147,udder,6.79959e-07
2148,ulcer,3.67397e-06
2149,ultra,4.51308e-06
2150,umbra,1.57028e-07
2151,uncle,1.19347e-05
2152,uncut,1.25449e-06
2153,under,0.000786694
2154,undid,4.01301e-07
2155,undue,6.56891e-06
2156,unfed,9.68665e-08
2157,unfit,4.07326e-06
2158,unify,8.99274e-07
2159,union,6.22215e-05
2160,unite,6.62763e-06
2161,unity,2.26416e-05
2162,unlit,2.30735e-07
2163,unmet,5.85013e-07
2164,unset,8.03669e-08
2165,untie,3.28494e-07
2166,until,0.000259263
2167,unwed,2.71009e-07
2168,unzip,7.85185e-08
2169,upper,7.06433e-05
2170,upset,9.06321e-06
2171,urban,4.07832e-05
2172,urine,1.29708e-05
2173,usage,1.44069e-05
2174,usher,9.31774e-07
2175,using,0.00018703
2176,usual,5.79718e-05
2177,usurp,6.50224e-07
2178,utile,1.26113e-07
2179,utter,7.87931e-06
2180,vague,9.80684e-06
2181,valet,1.03139e-06
2182,valid,2.82334e-05
2183,valor,1.1598e-06
2184,value,0.000272147
2185,valve,2.45404e-05
2186,vapid,2.10047e-07
2187,vapor,9.83779e-06
2188,vault,3.52575e-06
2189,vaunt,1.28681e-07
2190,vegan,2.7735e-07
2191,venom,1.49705e-06
2192,venue,3.41292e-06
2193,verge,2.89712e-06
2194,verse,1.67378e-05
2195,verso,8.28103e-07
2196,verve,2.64483e-07
2197,vicar,2.01755e-06
2198,video,1.66894e-05
2199,vigil,7.26298e-07
2200,vigor,4.25283e-06
2201,villa,2.38716e-06
2202,vinyl,2.70435e-06
2203,viola,6.28411e-07
2204,viper,3.90081e-07
2205,viral,4.74053e-06
2206,virus,1.91618e-05
2207,visit,5.32988e-05
2208,visor,4.23202e-07
2209,vista,8.54732e-07
2210,vital,2.62883e-05
2211,vivid,6.74063e-06
2212,vixen,1.35672e-07
2213,vocal,6.25894e-06
2214,vodka,9.66042e-07
2215,vogue,2.23099e-06
2216,voice,8.50718e-05
2217,voila,7.47782e-08
2218,vomit,1.00437e-06
2219,voter,4.34273e-06
2220,vouch,5.93917e-07
2221,vowel,4.15555e-06
2222,vying,3.79058e-07
2223,wacky,1.41921e-07
2224,wafer,1.68433e-06
2225,wager,1.09959e-06
2226,wagon,8.38935e-06
2227,waist,6.8735e-06
2228,waive,3.40001e-06
2229,waltz,7.3079e-07
2230,warty,1.96758e-07
2231,waste,4.5604e-05
2232,watch,3.27629e-05
2233,water,0.000400279
2234,waver,4.85465e-07
2235,waxen,2.52795e-07
2236,weary,7.16817e-06
2237,weave,2.19554e-06
2238,wedge,4.22723e-06
2239,weedy,4.37556e-07
2240,weigh,6.29617e-06
2241,weird,3.50329e-06
2242,welch,2.25898e-08
2243,welsh,2.93669e-08
2244,wench,5.24544e-07
2245,whack,3.5263e-07
2246,whale,3.69837e-06
2247,wharf,3.43311e-06
2248,wheat,3.02252e-05
2249,wheel,2.37244e-05
2250,whelp,1.3508e-07
2251,where,0.000621543
2252,which,0.00315127
2253,whiff,5.49992e-07
2254,while,0.000359388
2255,whine,6.63606e-07
2256,whiny,7.39654e-08
2257,whirl,1.07094e-06
2258,whisk,6.93122e-07
2259,white,0.00014512
2260,whole,0.000238176
2261,whoop,3.69641e-07
2262,whose,0.00016958
2263,widen,1.88375e-06
2264,wider,1.85372e-05
2265,widow,1.58741e-05
2266,width,2.71136e-05
2267,wield,1.09037e-06
2268,wight,3.28537e-07
2269,willy,3.04851e-07
2270,wimpy,5.13614e-08
2271,wince,4.0398e-07
2272,winch,1.00224e-06
2273,windy,1.15278e-06
2274,wiser,2.90865e-06
2275,wispy,2.25703e-07
2276,witch,3.47898e-06
2277,witty,2.11895e-06
2278,woken,5.85962e-07
2279,woman,0.000118722
2280,women,0.00019435
2281,woody,2.31188e-06
2282,wooer,8.33496e-08
2283,wooly,8.87077e-08
2284,woozy,9.36552e-08
2285,wordy,2.67996e-07
2286,world,0.000313403
2287,worry,1.54311e-05
2288,worse,2.90394e-05
2289,worst,1.98663e-05
2290,worth,5.65481e-05
2291,would,0.00146645
2292,wound,1.91133e-05
2293,woven,5.1052e-06
2294,wrack,1.52794e-07
2295,wrath,5.42714e-06
2296,wreak,4.29274e-07
2297,wreck,3.75991e-06
2298,wrest,6.39695e-07
2299,wring,5.52781e-07
2300,wrist,5.60334e-06
2301,write,6.23552e-05
2302,wrong,5.82538e-05
2303,wrote,6.65611e-05
2304,wrung,1.01345e-06
2305,wryly,5.24106e-07
2306,yacht,2.28037e-06
2307,yearn,5.97061e-07
2308,yeast,5.45994e-06
2309,yield,5.13508e-05
2310,young,0.000166871
2311,youth,3.73707e-05
2312,zebra,5.56049e-07
2313,zesty,5.27875e-08
2314,zonal,9.9236e-07
